<rss xmlns:dc="http://purl.org/dc/elements/1.1/" version="2.0" xml:base="https://bugsbyte.cesium.di.uminho.pt/bra/video/">
<channel>
<title>bugsbyte.cesium.di.uminho</title>
<link>https://bugsbyte.cesium.di.uminho.pt/bra/video/</link>
<description/>
<item><title> 	watch gcbyv gfdg sfsd livesfsdgfd stream</title><link>	https://bugsbyte.cesium.di.uminho.pt/bra/video/video-inglaterra-brasil-viv-na-tv-br-010030.html	</link><description>&lt;div class=&quot;field field-name-field-date field-type-datetime field-label-above;/div&gt;</description><dc:creator>royal</dc:creator><guid isPermaLink="false">13584 at	https://bugsbyte.cesium.di.uminho.pt/bra/video/video-inglaterra-brasil-viv-na-tv-br-010030.html	</guid></item>
<item><title> 	watch gcbyv gfdg sfsd livesfsdgfd stream</title><link>	https://bugsbyte.cesium.di.uminho.pt/bra/video/video-inglaterra-brasil-viv-na-tv-br-010031.html	</link><description>&lt;div class=&quot;field field-name-field-date field-type-datetime field-label-above;/div&gt;</description><dc:creator>royal</dc:creator><guid isPermaLink="false">13584 at	https://bugsbyte.cesium.di.uminho.pt/bra/video/video-inglaterra-brasil-viv-na-tv-br-010031.html	</guid></item>
<item><title> 	watch gcbyv gfdg sfsd livesfsdgfd stream</title><link>	https://bugsbyte.cesium.di.uminho.pt/bra/video/video-inglaterra-brasil-viv-na-tv-br-010032.html	</link><description>&lt;div class=&quot;field field-name-field-date field-type-datetime field-label-above;/div&gt;</description><dc:creator>royal</dc:creator><guid isPermaLink="false">13584 at	https://bugsbyte.cesium.di.uminho.pt/bra/video/video-inglaterra-brasil-viv-na-tv-br-010032.html	</guid></item>
<item><title> 	watch gcbyv gfdg sfsd livesfsdgfd stream</title><link>	https://bugsbyte.cesium.di.uminho.pt/bra/video/video-inglaterra-brasil-viv-na-tv-br-010033.html	</link><description>&lt;div class=&quot;field field-name-field-date field-type-datetime field-label-above;/div&gt;</description><dc:creator>royal</dc:creator><guid isPermaLink="false">13584 at	https://bugsbyte.cesium.di.uminho.pt/bra/video/video-inglaterra-brasil-viv-na-tv-br-010033.html	</guid></item>
<item><title> 	watch gcbyv gfdg sfsd livesfsdgfd stream</title><link>	https://bugsbyte.cesium.di.uminho.pt/bra/video/video-inglaterra-brasil-viv-na-tv-br-010034.html	</link><description>&lt;div class=&quot;field field-name-field-date field-type-datetime field-label-above;/div&gt;</description><dc:creator>royal</dc:creator><guid isPermaLink="false">13584 at	https://bugsbyte.cesium.di.uminho.pt/bra/video/video-inglaterra-brasil-viv-na-tv-br-010034.html	</guid></item>
<item><title> 	watch gcbyv gfdg sfsd livesfsdgfd stream</title><link>	https://bugsbyte.cesium.di.uminho.pt/bra/video/video-inglaterra-brasil-viv-na-tv-br-010035.html	</link><description>&lt;div class=&quot;field field-name-field-date field-type-datetime field-label-above;/div&gt;</description><dc:creator>royal</dc:creator><guid isPermaLink="false">13584 at	https://bugsbyte.cesium.di.uminho.pt/bra/video/video-inglaterra-brasil-viv-na-tv-br-010035.html	</guid></item>
<item><title> 	watch gcbyv gfdg sfsd livesfsdgfd stream</title><link>	https://bugsbyte.cesium.di.uminho.pt/bra/video/video-inglaterra-brasil-viv-na-tv-br-010036.html	</link><description>&lt;div class=&quot;field field-name-field-date field-type-datetime field-label-above;/div&gt;</description><dc:creator>royal</dc:creator><guid isPermaLink="false">13584 at	https://bugsbyte.cesium.di.uminho.pt/bra/video/video-inglaterra-brasil-viv-na-tv-br-010036.html	</guid></item>
<item><title> 	watch gcbyv gfdg sfsd livesfsdgfd stream</title><link>	https://bugsbyte.cesium.di.uminho.pt/bra/video/video-inglaterra-brasil-viv-na-tv-br-010037.html	</link><description>&lt;div class=&quot;field field-name-field-date field-type-datetime field-label-above;/div&gt;</description><dc:creator>royal</dc:creator><guid isPermaLink="false">13584 at	https://bugsbyte.cesium.di.uminho.pt/bra/video/video-inglaterra-brasil-viv-na-tv-br-010037.html	</guid></item>
<item><title> 	watch gcbyv gfdg sfsd livesfsdgfd stream</title><link>	https://bugsbyte.cesium.di.uminho.pt/bra/video/video-inglaterra-brasil-viv-na-tv-br-010038.html	</link><description>&lt;div class=&quot;field field-name-field-date field-type-datetime field-label-above;/div&gt;</description><dc:creator>royal</dc:creator><guid isPermaLink="false">13584 at	https://bugsbyte.cesium.di.uminho.pt/bra/video/video-inglaterra-brasil-viv-na-tv-br-010038.html	</guid></item>
<item><title> 	watch gcbyv gfdg sfsd livesfsdgfd stream</title><link>	https://bugsbyte.cesium.di.uminho.pt/bra/video/video-inglaterra-brasil-viv-na-tv-br-010039.html	</link><description>&lt;div class=&quot;field field-name-field-date field-type-datetime field-label-above;/div&gt;</description><dc:creator>royal</dc:creator><guid isPermaLink="false">13584 at	https://bugsbyte.cesium.di.uminho.pt/bra/video/video-inglaterra-brasil-viv-na-tv-br-010039.html	</guid></item>
<item><title> 	watch gcbyv gfdg sfsd livesfsdgfd stream</title><link>	https://bugsbyte.cesium.di.uminho.pt/bra/video/video-inglaterra-brasil-viv-na-tv-br-010040.html	</link><description>&lt;div class=&quot;field field-name-field-date field-type-datetime field-label-above;/div&gt;</description><dc:creator>royal</dc:creator><guid isPermaLink="false">13584 at	https://bugsbyte.cesium.di.uminho.pt/bra/video/video-inglaterra-brasil-viv-na-tv-br-010040.html	</guid></item>
<item><title> 	watch gcbyv gfdg sfsd livesfsdgfd stream</title><link>	https://bugsbyte.cesium.di.uminho.pt/bra/video/video-inglaterra-brasil-viv-na-tv-br-010042.html	</link><description>&lt;div class=&quot;field field-name-field-date field-type-datetime field-label-above;/div&gt;</description><dc:creator>royal</dc:creator><guid isPermaLink="false">13584 at	https://bugsbyte.cesium.di.uminho.pt/bra/video/video-inglaterra-brasil-viv-na-tv-br-010042.html	</guid></item>
<item><title> 	watch gcbyv gfdg sfsd livesfsdgfd stream</title><link>	https://bugsbyte.cesium.di.uminho.pt/bra/video/video-inglaterra-brasil-viv-na-tv-br-010043.html	</link><description>&lt;div class=&quot;field field-name-field-date field-type-datetime field-label-above;/div&gt;</description><dc:creator>royal</dc:creator><guid isPermaLink="false">13584 at	https://bugsbyte.cesium.di.uminho.pt/bra/video/video-inglaterra-brasil-viv-na-tv-br-010043.html	</guid></item>
<item><title> 	watch gcbyv gfdg sfsd livesfsdgfd stream</title><link>	https://bugsbyte.cesium.di.uminho.pt/bra/video/video-inglaterra-brasil-viv-na-tv-br-010044.html	</link><description>&lt;div class=&quot;field field-name-field-date field-type-datetime field-label-above;/div&gt;</description><dc:creator>royal</dc:creator><guid isPermaLink="false">13584 at	https://bugsbyte.cesium.di.uminho.pt/bra/video/video-inglaterra-brasil-viv-na-tv-br-010044.html	</guid></item>
<item><title> 	watch gcbyv gfdg sfsd livesfsdgfd stream</title><link>	https://bugsbyte.cesium.di.uminho.pt/bra/video/video-inglaterra-brasil-viv-na-tv-br-010045.html	</link><description>&lt;div class=&quot;field field-name-field-date field-type-datetime field-label-above;/div&gt;</description><dc:creator>royal</dc:creator><guid isPermaLink="false">13584 at	https://bugsbyte.cesium.di.uminho.pt/bra/video/video-inglaterra-brasil-viv-na-tv-br-010045.html	</guid></item>
<item><title> 	watch gcbyv gfdg sfsd livesfsdgfd stream</title><link>	https://bugsbyte.cesium.di.uminho.pt/bra/video/video-inglaterra-brasil-viv-na-tv-br-010046.html	</link><description>&lt;div class=&quot;field field-name-field-date field-type-datetime field-label-above;/div&gt;</description><dc:creator>royal</dc:creator><guid isPermaLink="false">13584 at	https://bugsbyte.cesium.di.uminho.pt/bra/video/video-inglaterra-brasil-viv-na-tv-br-010046.html	</guid></item>
<item><title> 	watch gcbyv gfdg sfsd livesfsdgfd stream</title><link>	https://bugsbyte.cesium.di.uminho.pt/bra/video/video-inglaterra-brasil-viv-na-tv-br-010047.html	</link><description>&lt;div class=&quot;field field-name-field-date field-type-datetime field-label-above;/div&gt;</description><dc:creator>royal</dc:creator><guid isPermaLink="false">13584 at	https://bugsbyte.cesium.di.uminho.pt/bra/video/video-inglaterra-brasil-viv-na-tv-br-010047.html	</guid></item>
<item><title> 	watch gcbyv gfdg sfsd livesfsdgfd stream</title><link>	https://bugsbyte.cesium.di.uminho.pt/bra/video/video-inglaterra-brasil-viv-na-tv-br-010048.html	</link><description>&lt;div class=&quot;field field-name-field-date field-type-datetime field-label-above;/div&gt;</description><dc:creator>royal</dc:creator><guid isPermaLink="false">13584 at	https://bugsbyte.cesium.di.uminho.pt/bra/video/video-inglaterra-brasil-viv-na-tv-br-010048.html	</guid></item>
<item><title> 	watch gcbyv gfdg sfsd livesfsdgfd stream</title><link>	https://bugsbyte.cesium.di.uminho.pt/bra/video/video-inglaterra-brasil-viv-na-tv-br-010049.html	</link><description>&lt;div class=&quot;field field-name-field-date field-type-datetime field-label-above;/div&gt;</description><dc:creator>royal</dc:creator><guid isPermaLink="false">13584 at	https://bugsbyte.cesium.di.uminho.pt/bra/video/video-inglaterra-brasil-viv-na-tv-br-010049.html	</guid></item>
<item><title> 	watch gcbyv gfdg sfsd livesfsdgfd stream</title><link>	https://bugsbyte.cesium.di.uminho.pt/bra/video/video-inglaterra-brasil-viv-na-tv-br-010050.html	</link><description>&lt;div class=&quot;field field-name-field-date field-type-datetime field-label-above;/div&gt;</description><dc:creator>royal</dc:creator><guid isPermaLink="false">13584 at	https://bugsbyte.cesium.di.uminho.pt/bra/video/video-inglaterra-brasil-viv-na-tv-br-010050.html	</guid></item>
<item><title> 	watch gcbyv gfdg sfsd livesfsdgfd stream</title><link>	https://bugsbyte.cesium.di.uminho.pt/bra/video/video-inglaterra-brasil-viv-na-tv-br-010051.html	</link><description>&lt;div class=&quot;field field-name-field-date field-type-datetime field-label-above;/div&gt;</description><dc:creator>royal</dc:creator><guid isPermaLink="false">13584 at	https://bugsbyte.cesium.di.uminho.pt/bra/video/video-inglaterra-brasil-viv-na-tv-br-010051.html	</guid></item>
<item><title> 	watch gcbyv gfdg sfsd livesfsdgfd stream</title><link>	https://bugsbyte.cesium.di.uminho.pt/bra/video/video-inglaterra-brasil-viv-na-tv-br-010052.html	</link><description>&lt;div class=&quot;field field-name-field-date field-type-datetime field-label-above;/div&gt;</description><dc:creator>royal</dc:creator><guid isPermaLink="false">13584 at	https://bugsbyte.cesium.di.uminho.pt/bra/video/video-inglaterra-brasil-viv-na-tv-br-010052.html	</guid></item>
<item><title> 	watch gcbyv gfdg sfsd livesfsdgfd stream</title><link>	https://bugsbyte.cesium.di.uminho.pt/bra/video/video-inglaterra-brasil-viv-na-tv-br-010053.html	</link><description>&lt;div class=&quot;field field-name-field-date field-type-datetime field-label-above;/div&gt;</description><dc:creator>royal</dc:creator><guid isPermaLink="false">13584 at	https://bugsbyte.cesium.di.uminho.pt/bra/video/video-inglaterra-brasil-viv-na-tv-br-010053.html	</guid></item>
<item><title> 	watch gcbyv gfdg sfsd livesfsdgfd stream</title><link>	https://bugsbyte.cesium.di.uminho.pt/bra/video/video-inglaterra-brasil-viv-na-tv-br-0100441.html	</link><description>&lt;div class=&quot;field field-name-field-date field-type-datetime field-label-above;/div&gt;</description><dc:creator>royal</dc:creator><guid isPermaLink="false">13584 at	https://bugsbyte.cesium.di.uminho.pt/bra/video/video-inglaterra-brasil-viv-na-tv-br-0100441.html	</guid></item>
</channel>
</rss>