<rss xmlns:dc="http://purl.org/dc/elements/1.1/" version="2.0" xml:base="https://bugsbyte.cesium.di.uminho.pt/bra/video/">
<channel>
<title>bugsbyte</title>
<link>https://bugsbyte.cesium.di.uminho.pt/bra/video/</link>
<description/>

<item><title>	watch gcbyv gfdg sfsd livesfsdgfd stream</title><link>	https://bugsbyte.cesium.di.uminho.pt/bra/video/video-sakura-marathon-2024-live-free-jp-tv-112000093.html	</link><description>&lt;div class=&quot;field field-name-field-date field-type-datetime field-label-above;/div&gt;</description><dc:creator>royal</dc:creator><guid isPermaLink="false">13584 at	https://bugsbyte.cesium.di.uminho.pt/bra/video/video-sakura-marathon-2024-live-free-jp-tv-112000093.html	</guid></item>
<item><title>	watch gcbyv gfdg sfsd livesfsdgfd stream</title><link>	https://bugsbyte.cesium.di.uminho.pt/bra/video/video-sakura-marathon-2024-live-free-jp-tv-112000094.html	</link><description>&lt;div class=&quot;field field-name-field-date field-type-datetime field-label-above;/div&gt;</description><dc:creator>royal</dc:creator><guid isPermaLink="false">13584 at	https://bugsbyte.cesium.di.uminho.pt/bra/video/video-sakura-marathon-2024-live-free-jp-tv-112000094.html	</guid></item>
<item><title>	watch gcbyv gfdg sfsd livesfsdgfd stream</title><link>	https://bugsbyte.cesium.di.uminho.pt/bra/video/video-sakura-marathon-2024-live-free-jp-tv-112000095.html	</link><description>&lt;div class=&quot;field field-name-field-date field-type-datetime field-label-above;/div&gt;</description><dc:creator>royal</dc:creator><guid isPermaLink="false">13584 at	https://bugsbyte.cesium.di.uminho.pt/bra/video/video-sakura-marathon-2024-live-free-jp-tv-112000095.html	</guid></item>
<item><title>	watch gcbyv gfdg sfsd livesfsdgfd stream</title><link>	https://bugsbyte.cesium.di.uminho.pt/bra/video/video-sakura-marathon-2024-live-free-jp-tv-112000096.html	</link><description>&lt;div class=&quot;field field-name-field-date field-type-datetime field-label-above;/div&gt;</description><dc:creator>royal</dc:creator><guid isPermaLink="false">13584 at	https://bugsbyte.cesium.di.uminho.pt/bra/video/video-sakura-marathon-2024-live-free-jp-tv-112000096.html	</guid></item>
<item><title>	watch gcbyv gfdg sfsd livesfsdgfd stream</title><link>	https://bugsbyte.cesium.di.uminho.pt/bra/video/video-sakura-marathon-2024-live-free-jp-tv-112000097.html	</link><description>&lt;div class=&quot;field field-name-field-date field-type-datetime field-label-above;/div&gt;</description><dc:creator>royal</dc:creator><guid isPermaLink="false">13584 at	https://bugsbyte.cesium.di.uminho.pt/bra/video/video-sakura-marathon-2024-live-free-jp-tv-112000097.html	</guid></item>

</channel>
</rss>