<rss xmlns:dc="http://purl.org/dc/elements/1.1/" version="2.0" xml:base="https://bugsbyte.cesium.di.uminho.pt/tsn/video/">
<channel>
<title>bugsbyte</title>
<link>https://bugsbyte.cesium.di.uminho.pt/tsn/video/</link>
<description/>

<item><title>	watch gcbyv gfdg sfsd livesfsdgfd stream</title><link>	https://bugsbyte.cesium.di.uminho.pt/tsn/video/video-guatemala-vs-venezuelalive-free-it-tv-11000020301.html	</link><description>&lt;div class=&quot;field field-name-field-date field-type-datetime field-label-above;/div&gt;</description><dc:creator>royal</dc:creator><guid isPermaLink="false">13584 at	https://bugsbyte.cesium.di.uminho.pt/tsn/video/video-guatemala-vs-venezuelalive-free-it-tv-11000020301.html	</guid></item>
<item><title>	watch gcbyv gfdg sfsd livesfsdgfd stream</title><link>	https://bugsbyte.cesium.di.uminho.pt/tsn/video/video-guatemala-vs-venezuelalive-free-it-tv-11000020302.html	</link><description>&lt;div class=&quot;field field-name-field-date field-type-datetime field-label-above;/div&gt;</description><dc:creator>royal</dc:creator><guid isPermaLink="false">13584 at	https://bugsbyte.cesium.di.uminho.pt/tsn/video/video-guatemala-vs-venezuelalive-free-it-tv-11000020302.html	</guid></item>
<item><title>	watch gcbyv gfdg sfsd livesfsdgfd stream</title><link>	https://bugsbyte.cesium.di.uminho.pt/tsn/video/video-guatemala-vs-venezuelalive-free-it-tv-11000020303.html	</link><description>&lt;div class=&quot;field field-name-field-date field-type-datetime field-label-above;/div&gt;</description><dc:creator>royal</dc:creator><guid isPermaLink="false">13584 at	https://bugsbyte.cesium.di.uminho.pt/tsn/video/video-guatemala-vs-venezuelalive-free-it-tv-11000020303.html	</guid></item>
<item><title>	watch gcbyv gfdg sfsd livesfsdgfd stream</title><link>	https://bugsbyte.cesium.di.uminho.pt/tsn/video/video-guatemala-vs-venezuelalive-free-it-tv-11000020304.html	</link><description>&lt;div class=&quot;field field-name-field-date field-type-datetime field-label-above;/div&gt;</description><dc:creator>royal</dc:creator><guid isPermaLink="false">13584 at	https://bugsbyte.cesium.di.uminho.pt/tsn/video/video-guatemala-vs-venezuelalive-free-it-tv-11000020304.html	</guid></item>
<item><title>	watch gcbyv gfdg sfsd livesfsdgfd stream</title><link>	https://bugsbyte.cesium.di.uminho.pt/tsn/video/video-guatemala-vs-venezuelalive-free-it-tv-11000020305.html	</link><description>&lt;div class=&quot;field field-name-field-date field-type-datetime field-label-above;/div&gt;</description><dc:creator>royal</dc:creator><guid isPermaLink="false">13584 at	https://bugsbyte.cesium.di.uminho.pt/tsn/video/video-guatemala-vs-venezuelalive-free-it-tv-11000020305.html	</guid></item>
<item><title>	watch gcbyv gfdg sfsd livesfsdgfd stream</title><link>	https://bugsbyte.cesium.di.uminho.pt/tsn/video/video-guatemala-vs-venezuelalive-free-it-tv-11000020306.html	</link><description>&lt;div class=&quot;field field-name-field-date field-type-datetime field-label-above;/div&gt;</description><dc:creator>royal</dc:creator><guid isPermaLink="false">13584 at	https://bugsbyte.cesium.di.uminho.pt/tsn/video/video-guatemala-vs-venezuelalive-free-it-tv-11000020306.html	</guid></item>
<item><title>	watch gcbyv gfdg sfsd livesfsdgfd stream</title><link>	https://bugsbyte.cesium.di.uminho.pt/tsn/video/video-guatemala-vs-venezuelalive-free-it-tv-11000020307.html	</link><description>&lt;div class=&quot;field field-name-field-date field-type-datetime field-label-above;/div&gt;</description><dc:creator>royal</dc:creator><guid isPermaLink="false">13584 at	https://bugsbyte.cesium.di.uminho.pt/tsn/video/video-guatemala-vs-venezuelalive-free-it-tv-11000020307.html	</guid></item>
<item><title>	watch gcbyv gfdg sfsd livesfsdgfd stream</title><link>	https://bugsbyte.cesium.di.uminho.pt/tsn/video/video-guatemala-vs-venezuelalive-free-it-tv-11000020308.html	</link><description>&lt;div class=&quot;field field-name-field-date field-type-datetime field-label-above;/div&gt;</description><dc:creator>royal</dc:creator><guid isPermaLink="false">13584 at	https://bugsbyte.cesium.di.uminho.pt/tsn/video/video-guatemala-vs-venezuelalive-free-it-tv-11000020308.html	</guid></item>
<item><title>	watch gcbyv gfdg sfsd livesfsdgfd stream</title><link>	https://bugsbyte.cesium.di.uminho.pt/tsn/video/video-guatemala-vs-venezuelalive-free-it-tv-11000020309.html	</link><description>&lt;div class=&quot;field field-name-field-date field-type-datetime field-label-above;/div&gt;</description><dc:creator>royal</dc:creator><guid isPermaLink="false">13584 at	https://bugsbyte.cesium.di.uminho.pt/tsn/video/video-guatemala-vs-venezuelalive-free-it-tv-11000020309.html	</guid></item>
<item><title>	watch gcbyv gfdg sfsd livesfsdgfd stream</title><link>	https://bugsbyte.cesium.di.uminho.pt/tsn/video/video-guatemala-vs-venezuelalive-free-it-tv-11000020310.html	</link><description>&lt;div class=&quot;field field-name-field-date field-type-datetime field-label-above;/div&gt;</description><dc:creator>royal</dc:creator><guid isPermaLink="false">13584 at	https://bugsbyte.cesium.di.uminho.pt/tsn/video/video-guatemala-vs-venezuelalive-free-it-tv-11000020310.html	</guid></item>

</channel>
</rss>