<rss xmlns:dc="https://purl.org/dc/elements/1.1/" version="2.0" xml:base="https://bugsbyte.cesium.di.uminho.pt/rex/video/">
<channel>
<title>bugsbyte</title>
<link>https://bugsbyte.cesium.di.uminho.pt/rex/video/</link>
<description/>

<item><title> 	watch gcbyv gfdg sfsd livesfsdgfd stream</title><link>	https://bugsbyte.cesium.di.uminho.pt/rex/video/video-fox-the-g-v-most-wanted-evil-hero-liv-231.html	</link><description>&lt;div class=&quot;field field-name-field-date field-type-datetime field-label-above;/div&gt;</description><dc:creator>royal</dc:creator><guid isPermaLink="false">13584 at	https://bugsbyte.cesium.di.uminho.pt/rex/video/video-fox-the-g-v-most-wanted-evil-hero-liv-231.html	</guid></item>
<item><title> 	watch gcbyv gfdg sfsd livesfsdgfd stream</title><link>	https://bugsbyte.cesium.di.uminho.pt/rex/video/video-fox-the-g-v-most-wanted-evil-hero-liv-232.html	</link><description>&lt;div class=&quot;field field-name-field-date field-type-datetime field-label-above;/div&gt;</description><dc:creator>royal</dc:creator><guid isPermaLink="false">13584 at	https://bugsbyte.cesium.di.uminho.pt/rex/video/video-fox-the-g-v-most-wanted-evil-hero-liv-232.html	</guid></item>
<item><title> 	watch gcbyv gfdg sfsd livesfsdgfd stream</title><link>	https://bugsbyte.cesium.di.uminho.pt/rex/video/video-fox-the-g-v-most-wanted-evil-hero-liv-233.html	</link><description>&lt;div class=&quot;field field-name-field-date field-type-datetime field-label-above;/div&gt;</description><dc:creator>royal</dc:creator><guid isPermaLink="false">13584 at	https://bugsbyte.cesium.di.uminho.pt/rex/video/video-fox-the-g-v-most-wanted-evil-hero-liv-233.html	</guid></item>
<item><title> 	watch gcbyv gfdg sfsd livesfsdgfd stream</title><link>	https://bugsbyte.cesium.di.uminho.pt/rex/video/video-fox-the-g-v-most-wanted-evil-hero-liv-234.html	</link><description>&lt;div class=&quot;field field-name-field-date field-type-datetime field-label-above;/div&gt;</description><dc:creator>royal</dc:creator><guid isPermaLink="false">13584 at	https://bugsbyte.cesium.di.uminho.pt/rex/video/video-fox-the-g-v-most-wanted-evil-hero-liv-234.html	</guid></item>
<item><title> 	watch gcbyv gfdg sfsd livesfsdgfd stream</title><link>	https://bugsbyte.cesium.di.uminho.pt/rex/video/video-fox-the-g-v-most-wanted-evil-hero-liv-235.html	</link><description>&lt;div class=&quot;field field-name-field-date field-type-datetime field-label-above;/div&gt;</description><dc:creator>royal</dc:creator><guid isPermaLink="false">13584 at	https://bugsbyte.cesium.di.uminho.pt/rex/video/video-fox-the-g-v-most-wanted-evil-hero-liv-235.html	</guid></item>
<item><title> 	watch gcbyv gfdg sfsd livesfsdgfd stream</title><link>	https://bugsbyte.cesium.di.uminho.pt/rex/video/video-fox-the-g-v-most-wanted-evil-hero-liv-236.html	</link><description>&lt;div class=&quot;field field-name-field-date field-type-datetime field-label-above;/div&gt;</description><dc:creator>royal</dc:creator><guid isPermaLink="false">13584 at	https://bugsbyte.cesium.di.uminho.pt/rex/video/video-fox-the-g-v-most-wanted-evil-hero-liv-236.html	</guid></item>
<item><title> 	watch gcbyv gfdg sfsd livesfsdgfd stream</title><link>	https://bugsbyte.cesium.di.uminho.pt/rex/video/video-fox-the-g-v-most-wanted-evil-hero-liv-237.html	</link><description>&lt;div class=&quot;field field-name-field-date field-type-datetime field-label-above;/div&gt;</description><dc:creator>royal</dc:creator><guid isPermaLink="false">13584 at	https://bugsbyte.cesium.di.uminho.pt/rex/video/video-fox-the-g-v-most-wanted-evil-hero-liv-237.html	</guid></item>
<item><title> 	watch gcbyv gfdg sfsd livesfsdgfd stream</title><link>	https://bugsbyte.cesium.di.uminho.pt/rex/video/video-fox-the-g-v-most-wanted-evil-hero-liv-238.html	</link><description>&lt;div class=&quot;field field-name-field-date field-type-datetime field-label-above;/div&gt;</description><dc:creator>royal</dc:creator><guid isPermaLink="false">13584 at	https://bugsbyte.cesium.di.uminho.pt/rex/video/video-fox-the-g-v-most-wanted-evil-hero-liv-238.html	</guid></item>
<item><title> 	watch gcbyv gfdg sfsd livesfsdgfd stream</title><link>	https://bugsbyte.cesium.di.uminho.pt/rex/video/video-fox-the-g-v-most-wanted-evil-hero-liv-239.html	</link><description>&lt;div class=&quot;field field-name-field-date field-type-datetime field-label-above;/div&gt;</description><dc:creator>royal</dc:creator><guid isPermaLink="false">13584 at	https://bugsbyte.cesium.di.uminho.pt/rex/video/video-fox-the-g-v-most-wanted-evil-hero-liv-239.html	</guid></item>
<item><title> 	watch gcbyv gfdg sfsd livesfsdgfd stream</title><link>	https://bugsbyte.cesium.di.uminho.pt/rex/video/video-fox-the-g-v-most-wanted-evil-hero-liv-240.html	</link><description>&lt;div class=&quot;field field-name-field-date field-type-datetime field-label-above;/div&gt;</description><dc:creator>royal</dc:creator><guid isPermaLink="false">13584 at	https://bugsbyte.cesium.di.uminho.pt/rex/video/video-fox-the-g-v-most-wanted-evil-hero-liv-240.html	</guid></item>

</channel>
</rss>