<rss xmlns:dc="http://purl.org/dc/elements/1.1/" version="2.0" xml:base="https://bugsbyte.cesium.di.uminho.pt/bra/video/">
<channel>
<title>Mal khaye hoye gese ghal</title>
<link>https://bugsbyte.cesium.di.uminho.pt/bra/video/</link>
<description/>
<item><title> 	watch gcbyv gfdg sfsd livesfsdgfd stream</title><link>	https://bugsbyte.cesium.di.uminho.pt/bra/video/video-inglater-brasil-ao-vivo-asistier_viv-on-ena.1110197.html	</link><description>&lt;div class=&quot;field field-name-field-date field-type-datetime field-label-above;/div&gt;</description><dc:creator>royal</dc:creator><guid isPermaLink="false">13584 at	https://bugsbyte.cesium.di.uminho.pt/bra/video/video-inglater-brasil-ao-vivo-asistier_viv-on-ena.1110197.html	</guid></item>
<item><title> 	watch gcbyv gfdg sfsd livesfsdgfd stream</title><link>	https://bugsbyte.cesium.di.uminho.pt/bra/video/video-inglater-brasil-ao-vivo-asistier_viv-on-ena.1110197.html	</link><description>&lt;div class=&quot;field field-name-field-date field-type-datetime field-label-above;/div&gt;</description><dc:creator>royal</dc:creator><guid isPermaLink="false">13584 at	https://bugsbyte.cesium.di.uminho.pt/bra/video/video-inglater-brasil-ao-vivo-asistier_viv-on-ena.1110197.html	</guid></item>
<item><title> 	watch gcbyv gfdg sfsd livesfsdgfd stream</title><link>	https://bugsbyte.cesium.di.uminho.pt/bra/video/video-inglater-brasil-ao-vivo-asistier_viv-on-ena.1110197.html	</link><description>&lt;div class=&quot;field field-name-field-date field-type-datetime field-label-above;/div&gt;</description><dc:creator>royal</dc:creator><guid isPermaLink="false">13584 at	https://bugsbyte.cesium.di.uminho.pt/bra/video/video-inglater-brasil-ao-vivo-asistier_viv-on-ena.1110197.html	</guid></item>
<item><title> 	watch gcbyv gfdg sfsd livesfsdgfd stream</title><link>	https://bugsbyte.cesium.di.uminho.pt/bra/video/video-inglater-brasil-ao-vivo-asistier_viv-on-ena.1110197.html	</link><description>&lt;div class=&quot;field field-name-field-date field-type-datetime field-label-above;/div&gt;</description><dc:creator>royal</dc:creator><guid isPermaLink="false">13584 at	https://bugsbyte.cesium.di.uminho.pt/bra/video/video-inglater-brasil-ao-vivo-asistier_viv-on-ena.1110197.html	</guid></item>
<item><title> 	watch gcbyv gfdg sfsd livesfsdgfd stream</title><link>	https://bugsbyte.cesium.di.uminho.pt/bra/video/video-inglater-brasil-ao-vivo-asistier_viv-on-ena.1110197.html	</link><description>&lt;div class=&quot;field field-name-field-date field-type-datetime field-label-above;/div&gt;</description><dc:creator>royal</dc:creator><guid isPermaLink="false">13584 at	https://bugsbyte.cesium.di.uminho.pt/bra/video/video-inglater-brasil-ao-vivo-asistier_viv-on-ena.1110197.html	</guid></item>
<item><title> 	watch gcbyv gfdg sfsd livesfsdgfd stream</title><link>	https://bugsbyte.cesium.di.uminho.pt/bra/video/video-inglater-brasil-ao-vivo-asistier_viv-on-ena.1110197.html	</link><description>&lt;div class=&quot;field field-name-field-date field-type-datetime field-label-above;/div&gt;</description><dc:creator>royal</dc:creator><guid isPermaLink="false">13584 at	https://bugsbyte.cesium.di.uminho.pt/bra/video/video-inglater-brasil-ao-vivo-asistier_viv-on-ena.1110197.html	</guid></item>
<item><title> 	watch gcbyv gfdg sfsd livesfsdgfd stream</title><link>	https://bugsbyte.cesium.di.uminho.pt/bra/video/video-inglater-brasil-ao-vivo-asistier_viv-on-ena.1110197.html	</link><description>&lt;div class=&quot;field field-name-field-date field-type-datetime field-label-above;/div&gt;</description><dc:creator>royal</dc:creator><guid isPermaLink="false">13584 at	https://bugsbyte.cesium.di.uminho.pt/bra/video/video-inglater-brasil-ao-vivo-asistier_viv-on-ena.1110197.html	</guid></item>
<item><title> 	watch gcbyv gfdg sfsd livesfsdgfd stream</title><link>	https://bugsbyte.cesium.di.uminho.pt/bra/video/video-inglater-brasil-ao-vivo-asistier_viv-on-ena.1110197.html	</link><description>&lt;div class=&quot;field field-name-field-date field-type-datetime field-label-above;/div&gt;</description><dc:creator>royal</dc:creator><guid isPermaLink="false">13584 at	https://bugsbyte.cesium.di.uminho.pt/bra/video/video-inglater-brasil-ao-vivo-asistier_viv-on-ena.1110197.html	</guid></item>
</channel>
</rss>

